link,link_part,fl,ascents_per_day,ascents,last_dt,first_dt,jan,feb,mar,apr,may,jun,jul,aug,sep,oct,nov,dec,lat,lon
1,"<a href=""https://www.8a.nu/crags/sportclimbing/poland/sokoliki"" target=""_blank"">poland/sokoliki</a>",poland/sokoliki,ðŸ‡µðŸ‡±,15.060109289617486,5512,2024-12-26 12:00:00,2024-01-01 12:00:00,0.1,0.7000000000000001,3.0,9.8,20.5,15.0,14.299999999999999,19.7,8.1,6.4,1.6,0.6,50.867666,15.868239
2,"<a href=""https://www.8a.nu/crags/sportclimbing/greece/arginonta-valley"" target=""_blank"">greece/arginonta-valley</a>",greece/arginonta-valley,ðŸ‡¬ðŸ‡·,13.278688524590164,4860,2024-12-31 12:00:00,2024-01-03 12:00:00,0.5,0.0,1.4000000000000001,10.7,15.4,8.4,6.3,7.3999999999999995,19.6,24.7,5.0,0.6,37.012442,26.974637
3,"<a href=""https://www.8a.nu/crags/sportclimbing/poland/dolina-bedkowska"" target=""_blank"">poland/dolina-bedkowska</a>",poland/dolina-bedkowska,ðŸ‡µðŸ‡±,11.174863387978142,4090,2024-12-21 12:00:00,2024-01-23 12:00:00,0.0,1.7000000000000002,6.5,13.5,21.0,13.4,12.2,13.700000000000001,9.4,7.6,0.8,0.1,50.17256,19.74132
4,"<a href=""https://www.8a.nu/crags/sportclimbing/greece/sabaton"" target=""_blank"">greece/sabaton</a>",greece/sabaton,ðŸ‡¬ðŸ‡·,11.109289617486338,4066,2024-12-31 12:00:00,2024-01-01 12:00:00,5.1,4.1000000000000005,14.2,14.7,7.000000000000001,1.3,0.3,0.3,3.5000000000000004,18.4,21.8,9.2,37.170303,22.897922
5,"<a href=""https://www.8a.nu/crags/sportclimbing/spain/camarasa-6a9eb-verrev"" target=""_blank"">spain/camarasa-6a9eb-verrev</a>",spain/camarasa-6a9eb-verrev,ðŸ‡ªðŸ‡¸,10.371584699453551,3796,2024-12-30 12:00:00,2024-01-01 12:00:00,3.3000000000000003,5.1,10.9,11.4,9.700000000000001,8.9,7.5,3.8,6.5,10.6,16.5,5.800000000000001,41.901133,0.885821
6,"<a href=""https://www.8a.nu/crags/sportclimbing/poland/dolina-szklarki"" target=""_blank"">poland/dolina-szklarki</a>",poland/dolina-szklarki,ðŸ‡µðŸ‡±,10.114754098360656,3702,2024-12-19 12:00:00,2024-01-30 12:00:00,0.1,2.6,9.2,12.5,18.099999999999998,14.299999999999999,13.4,12.5,8.3,7.199999999999999,1.6,0.1,50.195625,19.728842
7,"<a href=""https://www.8a.nu/crags/sportclimbing/greece/poets"" target=""_blank"">greece/poets</a>",greece/poets,ðŸ‡¬ðŸ‡·,8.53551912568306,3124,2024-12-31 12:00:00,2024-01-02 12:00:00,1.0999999999999999,0.4,2.0,9.700000000000001,13.5,5.3,6.4,4.7,19.8,26.0,9.9,1.2,36.999382,26.941512
8,"<a href=""https://www.8a.nu/crags/sportclimbing/greece/manikia"" target=""_blank"">greece/manikia</a>",greece/manikia,ðŸ‡¬ðŸ‡·,8.051912568306012,2947,2024-12-31 12:00:00,2024-01-01 12:00:00,5.4,3.8,13.3,9.8,5.2,0.6,0.1,0.4,3.8,17.299999999999997,30.7,9.4,38.547496,23.987583
9,"<a href=""https://www.8a.nu/crags/sportclimbing/poland/rzedkowice"" target=""_blank"">poland/rzedkowice</a>",poland/rzedkowice,ðŸ‡µðŸ‡±,7.0109289617486334,2566,2024-12-31 12:00:00,2024-02-10 12:00:00,0.0,4.2,13.600000000000001,9.8,15.2,11.1,9.8,13.100000000000001,9.0,12.2,1.7000000000000002,0.3,50.57375,19.48983
10,"<a href=""https://www.8a.nu/crags/sportclimbing/italy/canyon-sa-tappara"" target=""_blank"">italy/canyon-sa-tappara</a>",italy/canyon-sa-tappara,ðŸ‡®ðŸ‡¹,6.863387978142076,2512,2024-12-30 12:00:00,2024-01-01 12:00:00,1.5,0.8,3.9,10.9,16.8,5.5,4.8,6.1,18.099999999999998,21.7,8.6,1.0999999999999999,39.814007,9.496551
11,"<a href=""https://www.8a.nu/crags/sportclimbing/spain/patones"" target=""_blank"">spain/patones</a>",spain/patones,ðŸ‡ªðŸ‡¸,6.726775956284153,2462,2024-12-31 12:00:00,2024-01-01 12:00:00,4.1000000000000005,7.3999999999999995,6.0,8.7,7.3,9.3,7.6,7.9,14.000000000000002,11.0,10.7,5.8999999999999995,40.89296,-3.43649
12,"<a href=""https://www.8a.nu/crags/sportclimbing/greece/odyssey"" target=""_blank"">greece/odyssey</a>",greece/odyssey,ðŸ‡¬ðŸ‡·,6.609289617486339,2419,2024-12-27 12:00:00,2024-01-01 12:00:00,1.6,0.4,2.1999999999999997,8.4,11.200000000000001,4.6,6.3,7.5,17.9,25.1,13.5,1.4000000000000001,37.01199,26.944803
13,"<a href=""https://www.8a.nu/crags/sportclimbing/brazil/serra-do-cipo"" target=""_blank"">brazil/serra-do-cipo</a>",brazil/serra-do-cipo,ðŸ‡§ðŸ‡·,6.442622950819672,2358,2024-12-31 12:00:00,2024-01-02 12:00:00,3.5999999999999996,3.4000000000000004,4.7,6.5,7.000000000000001,16.400000000000002,25.3,13.100000000000001,10.299999999999999,5.0,3.1,1.7000000000000002,-19.311747,-43.611871
14,"<a href=""https://www.8a.nu/crags/sportclimbing/greece/ghost-kitchen"" target=""_blank"">greece/ghost-kitchen</a>",greece/ghost-kitchen,ðŸ‡¬ðŸ‡·,6.398907103825136,2342,2024-12-26 12:00:00,2024-01-05 12:00:00,0.3,0.8999999999999999,2.5,8.9,16.900000000000002,4.6,4.8,5.7,15.8,27.400000000000002,11.1,1.2,37.034474,26.961801
15,"<a href=""https://www.8a.nu/crags/sportclimbing/poland/lutowiec"" target=""_blank"">poland/lutowiec</a>",poland/lutowiec,ðŸ‡µðŸ‡±,6.341530054644808,2321,2024-12-26 12:00:00,2024-01-06 12:00:00,0.0,1.9,6.6000000000000005,10.299999999999999,19.400000000000002,10.6,14.6,17.8,13.100000000000001,5.2,0.2,0.2,50.628995,19.452575
16,"<a href=""https://www.8a.nu/crags/sportclimbing/greece/arginonta"" target=""_blank"">greece/arginonta</a>",greece/arginonta,ðŸ‡¬ðŸ‡·,6.284153005464481,2300,2024-12-31 12:00:00,2024-01-03 12:00:00,0.4,0.7000000000000001,2.0,9.3,12.7,6.4,7.000000000000001,4.3999999999999995,17.9,24.7,12.7,1.9,37.015494,26.972134
17,"<a href=""https://www.8a.nu/crags/sportclimbing/greece/mars"" target=""_blank"">greece/mars</a>",greece/mars,ðŸ‡¬ðŸ‡·,6.284153005464481,2300,2024-12-31 12:00:00,2024-01-01 12:00:00,11.1,7.3999999999999995,13.600000000000001,9.700000000000001,4.1000000000000005,0.3,0.4,0.0,2.0,15.7,20.3,15.4,37.1762,22.872203
18,"<a href=""https://www.8a.nu/crags/sportclimbing/greece/summertime"" target=""_blank"">greece/summertime</a>",greece/summertime,ðŸ‡¬ðŸ‡·,6.254098360655738,2289,2024-12-23 12:00:00,2024-01-10 12:00:00,0.6,0.0,0.7000000000000001,10.6,14.099999999999998,7.7,6.7,8.4,20.7,24.8,5.5,0.3,37.01629,26.955734
19,"<a href=""https://www.8a.nu/crags/sportclimbing/luxembourg/berdorf"" target=""_blank"">luxembourg/berdorf</a>",luxembourg/berdorf,ðŸ‡±ðŸ‡º,5.879781420765028,2152,2024-12-31 12:00:00,2024-01-02 12:00:00,0.5,0.6,3.5000000000000004,7.7,10.8,14.2,17.1,26.200000000000003,10.9,4.9,3.5000000000000004,0.2,49.8335,6.34709
20,"<a href=""https://www.8a.nu/crags/sportclimbing/spain/gandia"" target=""_blank"">spain/gandia</a>",spain/gandia,ðŸ‡ªðŸ‡¸,5.833333333333333,2135,2024-12-31 12:00:00,2024-01-01 12:00:00,26.3,21.099999999999998,14.6,4.9,1.7999999999999998,1.4000000000000001,0.4,0.5,1.0999999999999999,2.8000000000000003,9.700000000000001,15.299999999999999,38.98423,-0.2211
21,"<a href=""https://www.8a.nu/crags/sportclimbing/spain/olba"" target=""_blank"">spain/olba</a>",spain/olba,ðŸ‡ªðŸ‡¸,5.740437158469946,2101,2024-12-29 12:00:00,2024-01-01 12:00:00,9.3,8.5,20.5,9.4,12.8,4.3999999999999995,4.0,4.2,4.7,5.0,6.1,11.200000000000001,40.13272,-0.63437
22,"<a href=""https://www.8a.nu/crags/sportclimbing/poland/szczytnik"" target=""_blank"">poland/szczytnik</a>",poland/szczytnik,ðŸ‡µðŸ‡±,5.614754098360656,2055,2024-12-02 12:00:00,2024-02-25 12:00:00,0.0,0.2,4.0,16.8,18.5,15.2,11.5,10.100000000000001,8.4,11.899999999999999,3.0,0.3,50.41317,16.45718
23,"<a href=""https://www.8a.nu/crags/sportclimbing/greece/jupiter"" target=""_blank"">greece/jupiter</a>",greece/jupiter,ðŸ‡¬ðŸ‡·,5.469945355191257,2002,2024-12-31 12:00:00,2024-01-01 12:00:00,6.9,5.2,11.1,13.5,5.6000000000000005,0.4,0.0,0.4,2.0,20.9,25.6,8.200000000000001,37.176646,22.871934
24,"<a href=""https://www.8a.nu/crags/sportclimbing/poland/dolina-wiercicy"" target=""_blank"">poland/dolina-wiercicy</a>",poland/dolina-wiercicy,ðŸ‡µðŸ‡±,5.39344262295082,1974,2024-11-16 12:00:00,2024-03-03 12:00:00,0.0,0.0,1.3,3.6999999999999997,21.9,21.3,16.6,23.5,9.4,1.7999999999999998,0.6,0.0,50.67558,19.4101
25,"<a href=""https://www.8a.nu/crags/sportclimbing/france/buoux"" target=""_blank"">france/buoux</a>",france/buoux,ðŸ‡«ðŸ‡·,5.3469945355191255,1957,2024-12-31 12:00:00,2024-01-01 12:00:00,8.1,7.3999999999999995,8.5,12.7,15.5,4.3,1.7000000000000002,0.6,6.6000000000000005,11.0,17.0,6.4,43.821653,5.381915
26,"<a href=""https://www.8a.nu/crags/sportclimbing/spain/raco-de-les-espadelles"" target=""_blank"">spain/raco-de-les-espadelles</a>",spain/raco-de-les-espadelles,ðŸ‡ªðŸ‡¸,5.256830601092896,1924,2024-12-31 12:00:00,2024-01-01 12:00:00,12.5,10.9,11.799999999999999,6.9,3.4000000000000004,1.6,0.1,0.5,0.7000000000000001,10.2,18.6,23.0,41.302751,0.773314
27,"<a href=""https://www.8a.nu/crags/sportclimbing/greece/secret-garden"" target=""_blank"">greece/secret-garden</a>",greece/secret-garden,ðŸ‡¬ðŸ‡·,5.14207650273224,1882,2024-12-09 12:00:00,2024-01-04 12:00:00,1.3,1.0999999999999999,3.0,12.4,12.8,4.3,7.000000000000001,9.2,17.1,23.1,8.3,0.3,37.053569,26.96782
28,"<a href=""https://www.8a.nu/crags/sportclimbing/spain/sant-llorenc-del-munt"" target=""_blank"">spain/sant-llorenc-del-munt</a>",spain/sant-llorenc-del-munt,ðŸ‡ªðŸ‡¸,5.122950819672131,1875,2024-12-30 12:00:00,2024-01-02 12:00:00,7.5,6.800000000000001,8.200000000000001,10.5,10.2,12.1,13.900000000000002,6.5,8.4,6.3,4.2,5.6000000000000005,41.64098,2.01805
29,"<a href=""https://www.8a.nu/crags/sportclimbing/greece/griffig"" target=""_blank"">greece/griffig</a>",greece/griffig,ðŸ‡¬ðŸ‡·,5.049180327868853,1848,2024-11-25 12:00:00,2024-01-10 12:00:00,0.2,0.1,1.3,6.7,14.799999999999999,9.3,7.3999999999999995,11.4,16.6,27.200000000000003,5.0,0.0,36.995875,26.957673
30,"<a href=""https://www.8a.nu/crags/sportclimbing/spain/valdegobia"" target=""_blank"">spain/valdegobia</a>",spain/valdegobia,ðŸ‡ªðŸ‡¸,4.978142076502732,1822,2024-12-29 12:00:00,2024-01-03 12:00:00,1.2,0.5,1.6,4.9,1.7000000000000002,16.0,24.0,31.0,6.3,7.6,4.5,0.7000000000000001,42.85848,-3.09883
31,"<a href=""https://www.8a.nu/crags/sportclimbing/spain/el-chorro"" target=""_blank"">spain/el-chorro</a>",spain/el-chorro,ðŸ‡ªðŸ‡¸,4.972677595628415,1820,2024-12-31 12:00:00,2024-01-01 12:00:00,20.4,23.0,9.3,3.9,1.0,0.2,0.3,0.0,1.7999999999999998,4.8,15.4,19.900000000000002,36.91696,-4.75777
32,"<a href=""https://www.8a.nu/crags/sportclimbing/greece/noufaro"" target=""_blank"">greece/noufaro</a>",greece/noufaro,ðŸ‡¬ðŸ‡·,4.96448087431694,1817,2024-12-29 12:00:00,2024-01-10 12:00:00,0.6,0.0,1.0,6.1,9.5,7.8,5.0,8.1,20.7,29.9,9.1,2.0,37.022497,26.962796
33,"<a href=""https://www.8a.nu/crags/sportclimbing/italy/massone"" target=""_blank"">italy/massone</a>",italy/massone,ðŸ‡®ðŸ‡¹,4.959016393442623,1815,2024-12-31 12:00:00,2024-01-01 12:00:00,2.6,2.8000000000000003,7.1,13.100000000000001,16.0,6.800000000000001,6.6000000000000005,7.3,12.9,12.7,6.3,5.7,45.9287,10.9028
34,"<a href=""https://www.8a.nu/crags/sportclimbing/slovenia/misja-pec-ogmfd"" target=""_blank"">slovenia/misja-pec-ogmfd</a>",slovenia/misja-pec-ogmfd,ðŸ‡¸ðŸ‡®,4.926229508196721,1803,2024-12-31 12:00:00,2024-01-01 12:00:00,5.3,8.3,12.0,10.299999999999999,6.4,2.7,1.6,0.6,7.9,14.799999999999999,17.8,12.4,45.567945,13.86417
35,"<a href=""https://www.8a.nu/crags/sportclimbing/spain/vallirana"" target=""_blank"">spain/vallirana</a>",spain/vallirana,ðŸ‡ªðŸ‡¸,4.866120218579235,1781,2024-12-31 12:00:00,2024-01-01 12:00:00,8.799999999999999,8.799999999999999,10.100000000000001,8.3,8.6,7.000000000000001,9.700000000000001,5.0,8.4,6.7,7.3,11.3,41.393224,1.931909
36,"<a href=""https://www.8a.nu/crags/sportclimbing/spain/bellus"" target=""_blank"">spain/bellus</a>",spain/bellus,ðŸ‡ªðŸ‡¸,4.8469945355191255,1774,2024-12-30 12:00:00,2024-01-01 12:00:00,10.100000000000001,16.7,24.4,10.8,5.1,2.9000000000000004,1.2,1.0,3.4000000000000004,4.3,11.5,8.6,38.95675,-0.48748
37,"<a href=""https://www.8a.nu/crags/sportclimbing/spain/sella"" target=""_blank"">spain/sella</a>",spain/sella,ðŸ‡ªðŸ‡¸,4.693989071038251,1718,2024-12-31 12:00:00,2024-01-01 12:00:00,17.2,16.8,14.7,7.000000000000001,2.9000000000000004,0.2,1.3,0.2,2.1999999999999997,3.8,15.1,18.6,38.60909,-0.2211
38,"<a href=""https://www.8a.nu/crags/sportclimbing/spain/finestra"" target=""_blank"">spain/finestra</a>",spain/finestra,ðŸ‡ªðŸ‡¸,4.672131147540983,1710,2024-12-30 12:00:00,2024-01-01 12:00:00,7.3,10.8,15.5,10.7,8.0,2.1,0.6,0.2,8.9,14.7,13.600000000000001,7.6,41.275667,0.768777
39,"<a href=""https://www.8a.nu/crags/sportclimbing/poland/rudawy"" target=""_blank"">poland/rudawy</a>",poland/rudawy,ðŸ‡µðŸ‡±,4.644808743169399,1700,2024-12-31 12:00:00,2024-01-13 12:00:00,0.1,0.2,3.2,9.8,25.0,20.599999999999998,7.000000000000001,14.399999999999999,7.5,7.8,3.5999999999999996,0.8,50.86537,15.91425
40,"<a href=""https://www.8a.nu/crags/sportclimbing/spain/vallada"" target=""_blank"">spain/vallada</a>",spain/vallada,ðŸ‡ªðŸ‡¸,4.603825136612022,1685,2024-12-31 12:00:00,2024-01-01 12:00:00,9.3,11.0,16.1,8.799999999999999,10.6,4.2,1.0999999999999999,1.2,5.2,6.4,12.9,13.100000000000001,38.87941,-0.69077
41,"<a href=""https://www.8a.nu/crags/sportclimbing/slovenia/kotecnik"" target=""_blank"">slovenia/kotecnik</a>",slovenia/kotecnik,ðŸ‡¸ðŸ‡®,4.598360655737705,1683,2024-12-30 12:00:00,2024-01-01 12:00:00,1.0999999999999999,3.8,14.6,8.7,10.299999999999999,13.4,11.200000000000001,10.2,13.200000000000001,8.4,4.0,1.0999999999999999,46.19694,15.17109
42,"<a href=""https://www.8a.nu/crags/sportclimbing/france/demi-lune-x21un"" target=""_blank"">france/demi-lune-x21un</a>",france/demi-lune-x21un,ðŸ‡«ðŸ‡·,4.5683060109289615,1672,2024-12-26 12:00:00,2024-01-01 12:00:00,1.4000000000000001,0.4,1.0999999999999999,2.4,9.9,19.1,28.299999999999997,24.099999999999998,8.4,2.5,2.5,0.1,44.498864,5.950354
43,"<a href=""https://www.8a.nu/crags/sportclimbing/austria/ewige-jagdgruende"" target=""_blank"">austria/ewige-jagdgruende</a>",austria/ewige-jagdgruende,ðŸ‡¦ðŸ‡¹,4.554644808743169,1667,2024-11-20 12:00:00,2024-01-01 12:00:00,0.4,0.1,2.0,7.9,10.100000000000001,6.800000000000001,18.2,34.699999999999996,10.5,4.9,4.3,0.0,47.066019,11.752579
44,"<a href=""https://www.8a.nu/crags/sportclimbing/poland/podzamcze-gora-zamkowa"" target=""_blank"">poland/podzamcze-gora-zamkowa</a>",poland/podzamcze-gora-zamkowa,ðŸ‡µðŸ‡±,4.53551912568306,1660,2024-12-26 12:00:00,2024-02-08 12:00:00,0.0,0.7000000000000001,6.0,10.4,22.5,14.099999999999998,15.0,13.700000000000001,9.8,7.000000000000001,0.6,0.2,50.452403,19.553294
45,"<a href=""https://www.8a.nu/crags/sportclimbing/greece/sea-breeze"" target=""_blank"">greece/sea-breeze</a>",greece/sea-breeze,ðŸ‡¬ðŸ‡·,4.494535519125683,1645,2024-12-29 12:00:00,2024-02-10 12:00:00,0.0,0.2,2.4,12.5,15.2,4.9,6.3,3.5000000000000004,17.2,27.6,8.799999999999999,1.4000000000000001,37.017864,26.967453
46,"<a href=""https://www.8a.nu/crags/sportclimbing/turkey/trebenna-west"" target=""_blank"">turkey/trebenna-west</a>",turkey/trebenna-west,ðŸ‡¹ðŸ‡·,4.472677595628415,1637,2024-12-31 12:00:00,2024-01-01 12:00:00,8.200000000000001,9.5,10.0,17.9,7.000000000000001,0.8999999999999999,0.0,0.1,1.0,11.700000000000001,26.5,7.3,36.872427,30.478399
47,"<a href=""https://www.8a.nu/crags/sportclimbing/spain/cueva-de-la-zarza"" target=""_blank"">spain/cueva-de-la-zarza</a>",spain/cueva-de-la-zarza,ðŸ‡ªðŸ‡¸,4.461748633879782,1633,2024-12-30 12:00:00,2024-01-01 12:00:00,4.3999999999999995,3.2,4.2,10.7,18.9,14.899999999999999,10.6,4.7,10.4,6.9,9.4,1.7999999999999998,40.080098,-2.114213
48,"<a href=""https://www.8a.nu/crags/sportclimbing/spain/coll-de-nargo-41414-verrev"" target=""_blank"">spain/coll-de-nargo-41414-verrev</a>",spain/coll-de-nargo-41414-verrev,ðŸ‡ªðŸ‡¸,4.448087431693989,1628,2024-12-31 12:00:00,2024-01-01 12:00:00,15.9,10.8,7.5,3.5999999999999996,2.8000000000000003,2.4,2.3,2.4,3.9,11.899999999999999,16.8,19.7,42.177112,1.30527
49,"<a href=""https://www.8a.nu/crags/sportclimbing/greece/arhi"" target=""_blank"">greece/arhi</a>",greece/arhi,ðŸ‡¬ðŸ‡·,4.415300546448087,1616,2024-12-31 12:00:00,2024-01-04 12:00:00,1.6,1.7999999999999998,4.8,11.1,15.7,3.2,3.5000000000000004,5.6000000000000005,11.600000000000001,18.6,18.6,4.0,37.020852,26.965225
50,"<a href=""https://www.8a.nu/crags/sportclimbing/spain/teverga"" target=""_blank"">spain/teverga</a>",spain/teverga,ðŸ‡ªðŸ‡¸,4.344262295081967,1590,2024-12-29 12:00:00,2024-01-01 12:00:00,3.0,1.6,3.0,4.5,2.8000000000000003,5.3,25.0,37.2,7.000000000000001,4.3999999999999995,4.2,2.1,43.175089,-6.089234
51,"<a href=""https://www.8a.nu/crags/sportclimbing/spain/pinell-de-brai"" target=""_blank"">spain/pinell-de-brai</a>",spain/pinell-de-brai,ðŸ‡ªðŸ‡¸,4.218579234972678,1544,2024-12-30 12:00:00,2024-01-01 12:00:00,4.3999999999999995,6.3,17.2,13.700000000000001,12.8,12.0,5.1,3.8,5.1,5.2,6.5,7.8,41.038429,0.489929
52,"<a href=""https://www.8a.nu/crags/sportclimbing/greece/afternoon"" target=""_blank"">greece/afternoon</a>",greece/afternoon,ðŸ‡¬ðŸ‡·,4.215846994535519,1543,2024-12-18 12:00:00,2024-01-03 12:00:00,0.3,0.0,2.6,4.7,11.1,8.7,5.0,8.1,24.3,24.8,9.1,1.2,37.00386,26.943964
53,"<a href=""https://www.8a.nu/crags/sportclimbing/france/rue-des-masques"" target=""_blank"">france/rue-des-masques</a>",france/rue-des-masques,ðŸ‡«ðŸ‡·,4.188524590163935,1533,2024-11-12 12:00:00,2024-01-01 12:00:00,0.5,0.0,0.1,1.0,1.0999999999999999,2.1999999999999997,38.0,44.7,10.4,1.5,0.5,0.0,44.66978,6.64171
54,"<a href=""https://www.8a.nu/crags/sportclimbing/germany/weissenstein"" target=""_blank"">germany/weissenstein</a>",germany/weissenstein,ðŸ‡©ðŸ‡ª,4.060109289617486,1486,2024-12-31 12:00:00,2024-01-21 12:00:00,0.2,2.1,8.1,11.4,17.4,9.4,12.8,12.0,8.799999999999999,13.5,3.2,1.0999999999999999,49.6345,11.53145
55,"<a href=""https://www.8a.nu/crags/sportclimbing/poland/toczek"" target=""_blank"">poland/toczek</a>",poland/toczek,ðŸ‡µðŸ‡±,4.01912568306011,1471,2024-11-11 12:00:00,2024-02-25 12:00:00,0.0,0.1,1.6,4.1000000000000005,13.5,20.7,17.0,19.7,18.2,4.3,0.8999999999999999,0.0,50.435902,16.470891
56,"<a href=""https://www.8a.nu/crags/sportclimbing/greece/symplegades"" target=""_blank"">greece/symplegades</a>",greece/symplegades,ðŸ‡¬ðŸ‡·,3.9945355191256833,1462,2024-12-23 12:00:00,2024-01-05 12:00:00,0.1,0.7000000000000001,1.0,7.5,13.100000000000001,11.200000000000001,6.0,5.5,18.4,28.9,6.1,1.4000000000000001,36.985984,26.940179
57,"<a href=""https://www.8a.nu/crags/sportclimbing/spain/sadernes"" target=""_blank"">spain/sadernes</a>",spain/sadernes,ðŸ‡ªðŸ‡¸,3.969945355191257,1453,2024-12-31 12:00:00,2024-01-01 12:00:00,4.2,7.199999999999999,7.199999999999999,10.6,7.3999999999999995,12.3,10.9,9.6,15.4,7.8,5.800000000000001,1.7000000000000002,42.27845,2.592
58,"<a href=""https://www.8a.nu/crags/sportclimbing/poland/dolina-kobylanska"" target=""_blank"">poland/dolina-kobylanska</a>",poland/dolina-kobylanska,ðŸ‡µðŸ‡±,3.942622950819672,1443,2024-12-21 12:00:00,2024-02-05 12:00:00,0.0,0.6,2.6,5.800000000000001,14.6,21.2,12.4,12.7,16.6,10.2,3.1,0.2,50.15381,19.75805
59,"<a href=""https://www.8a.nu/crags/sportclimbing/spain/portero-de-noche"" target=""_blank"">spain/portero-de-noche</a>",spain/portero-de-noche,ðŸ‡ªðŸ‡¸,3.8442622950819674,1407,2024-12-30 12:00:00,2024-01-01 12:00:00,5.5,9.2,9.1,13.900000000000002,10.2,5.4,3.5999999999999996,1.0,5.0,7.7,18.6,10.7,40.08202,-2.131665
60,"<a href=""https://www.8a.nu/crags/sportclimbing/greece/je-t-aime"" target=""_blank"">greece/je-t-aime</a>",greece/je-t-aime,ðŸ‡¬ðŸ‡·,3.80327868852459,1392,2024-12-28 12:00:00,2024-01-08 12:00:00,0.4,0.4,3.8,8.200000000000001,14.899999999999999,3.8,1.0999999999999999,5.800000000000001,14.399999999999999,34.8,10.7,1.7000000000000002,36.997677,26.984078
61,"<a href=""https://www.8a.nu/crags/sportclimbing/spain/etxauri"" target=""_blank"">spain/etxauri</a>",spain/etxauri,ðŸ‡ªðŸ‡¸,3.773224043715847,1381,2024-12-31 12:00:00,2024-01-01 12:00:00,9.3,9.4,7.9,7.9,7.3,6.7,4.3999999999999995,2.8000000000000003,5.1,8.4,17.299999999999997,13.5,42.79905,-1.81197
62,"<a href=""https://www.8a.nu/crags/sportclimbing/austria/hohe-wand"" target=""_blank"">austria/hohe-wand</a>",austria/hohe-wand,ðŸ‡¦ðŸ‡¹,3.69672131147541,1353,2024-12-31 12:00:00,2024-01-03 12:00:00,1.6,6.3,11.1,9.8,14.899999999999999,5.6000000000000005,8.5,4.5,8.3,13.4,9.9,6.3,47.82181,16.03471
63,"<a href=""https://www.8a.nu/crags/sportclimbing/poland/czarnorzeki"" target=""_blank"">poland/czarnorzeki</a>",poland/czarnorzeki,ðŸ‡µðŸ‡±,3.680327868852459,1347,2024-11-11 12:00:00,2024-02-16 12:00:00,0.0,0.2,3.0,13.4,26.6,8.5,14.799999999999999,13.0,9.9,7.199999999999999,3.3000000000000003,0.0,49.74933,21.80683
64,"<a href=""https://www.8a.nu/crags/sportclimbing/italy/cala-mancina"" target=""_blank"">italy/cala-mancina</a>",italy/cala-mancina,ðŸ‡®ðŸ‡¹,3.5956284153005464,1316,2024-12-31 12:00:00,2024-01-02 12:00:00,13.5,11.799999999999999,17.8,6.2,3.4000000000000004,0.7000000000000001,0.1,0.2,4.0,13.8,17.9,10.7,38.175683,12.717113
65,"<a href=""https://www.8a.nu/crags/sportclimbing/greece/twin-caves"" target=""_blank"">greece/twin-caves</a>",greece/twin-caves,ðŸ‡¬ðŸ‡·,3.587431693989071,1313,2024-12-31 12:00:00,2024-01-01 12:00:00,18.7,11.1,10.9,7.199999999999999,3.6999999999999997,0.0,0.5,0.0,0.8999999999999999,7.199999999999999,21.2,18.5,37.176153,22.83956
66,"<a href=""https://www.8a.nu/crags/sportclimbing/poland/gora-birow"" target=""_blank"">poland/gora-birow</a>",poland/gora-birow,ðŸ‡µðŸ‡±,3.5355191256830603,1294,2024-12-26 12:00:00,2024-02-04 12:00:00,0.0,0.4,2.9000000000000004,14.7,20.200000000000003,16.8,12.1,16.8,9.1,6.4,0.2,0.5,50.46419,19.55148
67,"<a href=""https://www.8a.nu/crags/sportclimbing/poland/koloczek"" target=""_blank"">poland/koloczek</a>",poland/koloczek,ðŸ‡µðŸ‡±,3.5081967213114753,1284,2024-12-19 12:00:00,2024-02-16 12:00:00,0.0,0.5,9.700000000000001,12.2,24.8,14.099999999999998,9.1,14.299999999999999,7.3999999999999995,7.000000000000001,0.7000000000000001,0.1,50.577768,19.530902
68,"<a href=""https://www.8a.nu/crags/sportclimbing/spain/paules"" target=""_blank"">spain/paules</a>",spain/paules,ðŸ‡ªðŸ‡¸,3.459016393442623,1266,2024-12-24 12:00:00,2024-01-01 12:00:00,2.0,0.4,4.7,14.2,13.600000000000001,20.8,11.799999999999999,10.5,11.1,5.5,5.1,0.4,40.07795,-2.123307
69,"<a href=""https://www.8a.nu/crags/sportclimbing/poland/morsko"" target=""_blank"">poland/morsko</a>",poland/morsko,ðŸ‡µðŸ‡±,3.4098360655737703,1248,2024-12-01 12:00:00,2024-03-15 12:00:00,0.0,0.0,0.8,1.5,21.3,18.7,20.5,21.3,10.299999999999999,4.6,0.5,0.5,50.54796,19.51507
70,"<a href=""https://www.8a.nu/crags/sportclimbing/poland/gora-zborow"" target=""_blank"">poland/gora-zborow</a>",poland/gora-zborow,ðŸ‡µðŸ‡±,3.3688524590163933,1233,2024-12-26 12:00:00,2024-02-15 12:00:00,0.0,2.4,10.299999999999999,14.6,20.200000000000003,11.1,12.8,13.100000000000001,8.3,5.800000000000001,1.2,0.2,50.572657,19.530285
71,"<a href=""https://www.8a.nu/crags/sportclimbing/spain/les-perxes"" target=""_blank"">spain/les-perxes</a>",spain/les-perxes,ðŸ‡ªðŸ‡¸,3.3060109289617485,1210,2024-12-31 12:00:00,2024-01-01 12:00:00,5.0,5.5,12.6,11.200000000000001,10.6,7.3999999999999995,2.3,2.6,7.3,8.9,11.3,15.299999999999999,39.777387,2.899257
72,"<a href=""https://www.8a.nu/crags/sportclimbing/spain/sunyer"" target=""_blank"">spain/sunyer</a>",spain/sunyer,ðŸ‡ªðŸ‡¸,3.289617486338798,1204,2024-12-31 12:00:00,2024-01-01 12:00:00,5.1,8.4,8.6,8.1,7.6,15.299999999999999,9.9,5.7,8.1,6.1,7.3,9.700000000000001,41.758396,2.231409
73,"<a href=""https://www.8a.nu/crags/sportclimbing/france/seynes"" target=""_blank"">france/seynes</a>",france/seynes,ðŸ‡«ðŸ‡·,3.2841530054644807,1202,2024-12-31 12:00:00,2024-01-01 12:00:00,22.900000000000002,14.499999999999998,8.4,4.0,1.6,0.2,0.1,0.1,1.5,2.6,7.7,36.6,44.11612,4.28407
74,"<a href=""https://www.8a.nu/crags/sportclimbing/poland/suliszowice"" target=""_blank"">poland/suliszowice</a>",poland/suliszowice,ðŸ‡µðŸ‡±,3.26775956284153,1196,2024-12-26 12:00:00,2024-02-16 12:00:00,0.0,0.3,1.4000000000000001,9.700000000000001,18.6,16.900000000000002,14.000000000000002,22.2,12.7,3.6999999999999997,0.1,0.3,50.6762,19.361349
75,"<a href=""https://www.8a.nu/crags/sportclimbing/norway/flatanger"" target=""_blank"">norway/flatanger</a>",norway/flatanger,ðŸ‡³ðŸ‡´,3.259562841530055,1193,2024-11-12 12:00:00,2024-02-10 12:00:00,0.0,0.2,0.0,0.5,13.600000000000001,6.6000000000000005,36.6,35.3,6.2,0.8999999999999999,0.1,0.0,64.49234,10.8123
76,"<a href=""https://www.8a.nu/crags/sportclimbing/france/orpierre"" target=""_blank"">france/orpierre</a>",france/orpierre,ðŸ‡«ðŸ‡·,3.2431693989071038,1187,2024-12-31 12:00:00,2024-01-02 12:00:00,0.6,2.4,5.6000000000000005,19.8,14.2,12.3,9.5,4.0,11.0,6.4,10.2,4.1000000000000005,44.313925,5.692689
77,"<a href=""https://www.8a.nu/crags/sportclimbing/italy/terminal"" target=""_blank"">italy/terminal</a>",italy/terminal,ðŸ‡®ðŸ‡¹,3.2049180327868854,1173,2024-12-31 12:00:00,2024-01-01 12:00:00,13.200000000000001,2.3,5.5,8.4,5.800000000000001,1.0,0.4,0.0,1.4000000000000001,12.8,19.8,29.4,44.105562,8.085805
78,"<a href=""https://www.8a.nu/crags/sportclimbing/spain/oasis-51xoy"" target=""_blank"">spain/oasis-51xoy</a>",spain/oasis-51xoy,ðŸ‡ªðŸ‡¸,3.199453551912568,1171,2024-12-31 12:00:00,2024-01-01 12:00:00,16.1,19.2,19.0,11.200000000000001,4.8,0.7000000000000001,0.0,0.1,1.0999999999999999,4.8,5.0,18.099999999999998,39.662804,-0.899645
79,"<a href=""https://www.8a.nu/crags/sportclimbing/greece/grande-grotta"" target=""_blank"">greece/grande-grotta</a>",greece/grande-grotta,ðŸ‡¬ðŸ‡·,3.19672131147541,1170,2024-12-30 12:00:00,2024-01-01 12:00:00,2.7,0.2,4.7,11.4,14.299999999999999,6.800000000000001,7.6,6.7,11.700000000000001,17.599999999999998,12.4,4.0,37.003649,26.943804
80,"<a href=""https://www.8a.nu/crags/sportclimbing/poland/zastudnie"" target=""_blank"">poland/zastudnie</a>",poland/zastudnie,ðŸ‡µðŸ‡±,3.1639344262295084,1158,2024-10-27 12:00:00,2024-02-25 12:00:00,0.0,0.1,0.6,9.0,17.8,16.7,14.299999999999999,21.099999999999998,15.5,5.0,0.0,0.0,50.67014,19.37181
81,"<a href=""https://www.8a.nu/crags/sportclimbing/spain/montanejos"" target=""_blank"">spain/montanejos</a>",spain/montanejos,ðŸ‡ªðŸ‡¸,3.16120218579235,1157,2024-12-31 12:00:00,2024-01-01 12:00:00,7.3,15.7,19.0,13.900000000000002,15.9,7.5,0.8,2.1999999999999997,3.5000000000000004,5.5,2.1999999999999997,6.5,40.069784,-0.534388
82,"<a href=""https://www.8a.nu/crags/sportclimbing/spain/desplomilandia"" target=""_blank"">spain/desplomilandia</a>",spain/desplomilandia,ðŸ‡ªðŸ‡¸,3.150273224043716,1153,2024-12-31 12:00:00,2024-01-01 12:00:00,15.0,23.799999999999997,8.4,10.8,7.3999999999999995,2.1999999999999997,1.2,0.3,3.2,7.3999999999999995,10.100000000000001,10.4,36.94955,-4.77837
83,"<a href=""https://www.8a.nu/crags/sportclimbing/spain/valeria"" target=""_blank"">spain/valeria</a>",spain/valeria,ðŸ‡ªðŸ‡¸,3.120218579234973,1142,2024-12-31 12:00:00,2024-01-06 12:00:00,4.0,7.3,5.8999999999999995,8.6,8.3,10.5,2.3,4.6,10.9,12.5,17.299999999999997,7.7,39.79179,-2.15057
84,"<a href=""https://www.8a.nu/crags/sportclimbing/france/ailefroide"" target=""_blank"">france/ailefroide</a>",france/ailefroide,ðŸ‡«ðŸ‡·,3.120218579234973,1142,2024-12-31 12:00:00,2024-01-21 12:00:00,0.1,0.4,0.4,0.8,1.2,4.6,31.3,48.199999999999996,10.2,1.6,0.7000000000000001,0.4,44.88604,6.4452
85,"<a href=""https://www.8a.nu/crags/sportclimbing/poland/jastrzebnik"" target=""_blank"">poland/jastrzebnik</a>",poland/jastrzebnik,ðŸ‡µðŸ‡±,3.0846994535519126,1129,2024-12-20 12:00:00,2024-03-24 12:00:00,0.0,0.0,0.4,3.0,20.599999999999998,16.7,23.400000000000002,26.400000000000002,7.9,1.5,0.0,0.1,50.589499,19.548131
86,"<a href=""https://www.8a.nu/crags/sportclimbing/spain/punta-espadelles"" target=""_blank"">spain/punta-espadelles</a>",spain/punta-espadelles,ðŸ‡ªðŸ‡¸,3.0,1098,2024-12-31 12:00:00,2024-01-01 12:00:00,14.799999999999999,12.4,11.3,6.7,5.6000000000000005,1.3,0.0,0.2,1.7000000000000002,7.000000000000001,25.8,13.100000000000001,41.302378,0.77246
87,"<a href=""https://www.8a.nu/crags/sportclimbing/slovenia/povceno"" target=""_blank"">slovenia/povceno</a>",slovenia/povceno,ðŸ‡¸ðŸ‡®,2.9972677595628414,1097,2024-12-01 12:00:00,2024-01-01 12:00:00,0.8,19.5,24.4,14.899999999999999,7.7,6.1,3.3000000000000003,1.0999999999999999,5.8999999999999995,13.0,3.1,0.1,46.131738,15.209465
88,"<a href=""https://www.8a.nu/crags/sportclimbing/croatia/cikola-osoje"" target=""_blank"">croatia/cikola-osoje</a>",croatia/cikola-osoje,ðŸ‡­ðŸ‡·,2.969945355191257,1087,2024-12-31 12:00:00,2024-01-01 12:00:00,16.3,7.3,9.9,8.7,1.7000000000000002,0.1,0.3,0.0,3.1,7.7,9.8,35.099999999999994,43.839877,16.050748
89,"<a href=""https://www.8a.nu/crags/sportclimbing/poland/dziurawa-95lxd"" target=""_blank"">poland/dziurawa-95lxd</a>",poland/dziurawa-95lxd,ðŸ‡µðŸ‡±,2.939890710382514,1076,2024-10-28 12:00:00,2024-03-03 12:00:00,0.0,0.0,0.5,2.1999999999999997,11.600000000000001,16.400000000000002,20.7,27.0,18.5,3.0,0.0,0.0,50.226503,19.830585
90,"<a href=""https://www.8a.nu/crags/sportclimbing/france/berlin-ftqlw"" target=""_blank"">france/berlin-ftqlw</a>",france/berlin-ftqlw,ðŸ‡«ðŸ‡·,2.9234972677595628,1070,2024-12-15 12:00:00,2024-01-01 12:00:00,1.0999999999999999,0.3,0.5,3.5999999999999996,15.0,22.5,28.599999999999998,16.8,8.0,2.1999999999999997,1.0999999999999999,0.3,44.497224,5.941231
91,"<a href=""https://www.8a.nu/crags/sportclimbing/turkey/datca"" target=""_blank"">turkey/datca</a>",turkey/datca,ðŸ‡¹ðŸ‡·,2.8961748633879782,1060,2024-12-31 12:00:00,2024-01-01 12:00:00,9.4,8.0,9.9,8.1,5.800000000000001,8.6,0.0,0.1,0.7000000000000001,5.6000000000000005,25.900000000000002,17.8,36.73063,27.65121
92,"<a href=""https://www.8a.nu/crags/sportclimbing/spain/siuranella-est"" target=""_blank"">spain/siuranella-est</a>",spain/siuranella-est,ðŸ‡ªðŸ‡¸,2.849726775956284,1043,2024-12-31 12:00:00,2024-01-01 12:00:00,8.9,10.5,12.0,12.4,5.3,2.0,0.6,0.1,5.800000000000001,14.099999999999998,18.2,10.299999999999999,41.264603,0.936021
93,"<a href=""https://www.8a.nu/crags/sportclimbing/slovenia/crni-kal"" target=""_blank"">slovenia/crni-kal</a>",slovenia/crni-kal,ðŸ‡¸ðŸ‡®,2.8360655737704916,1038,2024-12-31 12:00:00,2024-01-01 12:00:00,4.6,4.1000000000000005,7.3999999999999995,10.9,15.4,2.6,2.8000000000000003,2.1999999999999997,7.000000000000001,12.9,16.3,13.700000000000001,45.54958,13.87625
94,"<a href=""https://www.8a.nu/crags/sportclimbing/greece/trois-ilots"" target=""_blank"">greece/trois-ilots</a>",greece/trois-ilots,ðŸ‡¬ðŸ‡·,2.7704918032786887,1014,2024-11-29 12:00:00,2024-01-20 12:00:00,0.3,0.5,3.5000000000000004,8.4,18.4,7.5,4.0,4.1000000000000005,17.299999999999997,21.7,14.299999999999999,0.0,36.990677,26.938173
95,"<a href=""https://www.8a.nu/crags/sportclimbing/greece/elona"" target=""_blank"">greece/elona</a>",greece/elona,ðŸ‡¬ðŸ‡·,2.76775956284153,1013,2024-12-31 12:00:00,2024-01-01 12:00:00,9.9,5.7,10.9,11.700000000000001,3.5999999999999996,0.3,0.8,0.0,0.8999999999999999,14.899999999999999,23.200000000000003,18.2,37.146121,22.765355
96,"<a href=""https://www.8a.nu/crags/sportclimbing/greece/skiadhianiko"" target=""_blank"">greece/skiadhianiko</a>",greece/skiadhianiko,ðŸ‡¬ðŸ‡·,2.76775956284153,1013,2024-12-31 12:00:00,2024-01-01 12:00:00,7.8,8.3,14.6,7.199999999999999,5.6000000000000005,0.5,0.0,0.0,3.0,10.4,28.000000000000004,14.6,37.153164,22.767879
97,"<a href=""https://www.8a.nu/crags/sportclimbing/spain/grau-dels-matxos"" target=""_blank"">spain/grau-dels-matxos</a>",spain/grau-dels-matxos,ðŸ‡ªðŸ‡¸,2.7540983606557377,1008,2024-12-29 12:00:00,2024-01-02 12:00:00,6.800000000000001,8.9,7.6,7.3,6.800000000000001,7.9,15.2,9.0,6.800000000000001,6.2,6.6000000000000005,10.6,41.756371,2.231784
98,"<a href=""https://www.8a.nu/crags/sportclimbing/turkey/sarkit"" target=""_blank"">turkey/sarkit</a>",turkey/sarkit,ðŸ‡¹ðŸ‡·,2.7459016393442623,1005,2024-12-31 12:00:00,2024-01-01 12:00:00,18.6,16.1,14.7,6.4,2.3,0.0,0.1,0.0,0.1,0.5,18.0,23.200000000000003,36.878795,30.481446
99,"<a href=""https://www.8a.nu/crags/sportclimbing/spain/tartareu-46bb1-verrev"" target=""_blank"">spain/tartareu-46bb1-verrev</a>",spain/tartareu-46bb1-verrev,ðŸ‡ªðŸ‡¸,2.740437158469945,1003,2024-12-30 12:00:00,2024-01-02 12:00:00,1.7999999999999998,6.9,8.4,14.000000000000002,8.4,6.7,5.5,4.7,9.8,14.6,11.1,8.4,41.92747,0.7142
100,"<a href=""https://www.8a.nu/crags/sportclimbing/slovenia/osp-misja-pec"" target=""_blank"">slovenia/osp-misja-pec</a>",slovenia/osp-misja-pec,ðŸ‡¸ðŸ‡®,2.7349726775956285,1001,2024-12-30 12:00:00,2024-01-01 12:00:00,6.1,7.1,15.9,9.0,6.7,1.5,0.2,0.6,6.2,13.100000000000001,21.0,12.7,45.56728,13.8635
